"гибкость, щедрость"|"надёжность, доброта, щедрость"|"зависть, вспыльчивость, агрессивность"|Тони Лейн: сильный и благородный|С импульсивными людьми
"честность, аналитичность, креативность"|"жизнерадостность, честность, справедливость"|"эгоизм, скрытность, ветреность"|Лея Кurry: творческий и вдохновляющий|Если человек навязывает свою помощь
"тактичность, проницательность"|"честность, надёжность, справедливость"|"агрессивность, эгоизм, неряшливость"|Тони Ли: спокойный и наблюдательный|Манипуляторами
"скромность, уважительность"|"надёжность, терпеливость, уверенность"|"жадность, эгоизм, неряшливость"|Донна Бейн: чуткий и заботливый|Чаще всего это негативные личности
"эмпатия, стрессоустойчивость, занудство"|"щедрость, эмпатия, уверенность"|"обидчивость, нерешительность, жадность"|Брюс Соло: адаптивный и гибкий|Трудно с слишком серьезными
"консервативность, справедливость"|"эмпатия, скромность, оптимизм"|"агрессивность, нерешительность, раздражительность"|Черепашка Арбакл: настойчивый и целеустремленный|С личностями со стереотипным мышлением
"задумчивость, уважительность, целеустремлённость"|"целеустремлённость, оптимизм, прагматизм"|"жадность, высокомерие, эгоизм"|Джон Снейп: изобретательный и харизматичный|"Люди, которые не уважают чужое мнение"
"дисциплинированность, порядочность, осторожность"|"скромность, эмпатия, оптимизм"|"высокомерие, жадность, ветреность"|Дарси Романова: тактичный и проницательный|"Персонами, которые ищут повод для спора"
"доброта, деликатность"|"оптимизм, надёжность, креативность"|"зависть, обидчивость, вспыльчивость"|Лоис Роджерс: адаптивный и гибкий|С скептиками индивидами
"пессимизм, деликатность"|"честность, уверенность, креативность"|"грубость, безответственность, педантичность"|Брюс Романова: хитрый и находчивый|Не нахожу контакта с эмоционально закрытыми
"отзывчивость, вспыльчивость, рефлексивность"|"креативность, уверенность, трудолюбие"|"безответственность, неряшливость, эгоизм"|Флэш Роджерс: оптимистичный и энергичный|"Те, кто не уважают чужое мнение"
"вдумчивость, конфликтность, гибкость"|"трудолюбие, эмпатия, доброта"|"зависть, неряшливость, грубость"|Джон Кент: настойчивый и целеустремленный|Трудно с спорщиками
"уверенность, доброта, безответственность"|"трудолюбие, креативность, смелость"|"грубость, лень, высокомерие"|Гендальф Нобл: веселый и остроумный|Типами без эмпатии
"обаятельность, меланхоличность"|"надёжность, оптимизм, честность"|"трусость, жадность, агрессивность"|Северус Арбакл: альтруистичный и самоотверженный|"Персонами, которые преувеличивают проблемы"
"упрямство, уверенность, самодостаточность"|"великодушие, отзывчивость, уверенность"|"упрямство, безразличие, лживость"|Гарри Смит: решительный и преданный|"Люди, которые приписывают плохие мотивы"
"терпеливость, импозантность"|"великодушие, общительность, оптимизм"|"нерешительность, высокомерие, эгоизм"|Спок Снейп: романтичный и мечтательный|Не нахожу контакта с циничными ко всему
"спокойствие, щедрость, грубость"|"оптимизм, уверенность, креативность"|"пессимизм, нетерпеливость, безответственность"|Люк Бонд: спокойный и наблюдательный|Людьми без эмпатии
"тактичность, вдохновлённость, пессимизм"|"уверенность, ответственность, общительность"|"нерешительность, безответственность, жадность"|Гимли Холмс: храбрый и умный|Обычно это лентяи
"упрямство, уважительность"|"щедрость, терпеливость, надёжность"|"импульсивность, безответственность, лень"|Хан Уотсон: страстный и принципиальный|"Те, кто не умеют слушать"
"холеричность, недоверчивость, доброта"|"тактичность, трудолюбие, амбициозность"|"нетерпеливость, грубость, пессимизм"|Чудо Вейн: храбрый и умный|Не нахожу контакта с нарциссами
"доброта, эмпатия, независимость"|"надёжность, трудолюбие, честность"|"неряшливость, вспыльчивость, педантичность"|Брюс Женщина: решительный и преданный|С манипуляторами индивидами
"искренность, тактичность, пренебрежительность, экстраверсия"|"щедрость, общительность, тактичность"|"пессимизм, лживость, агрессивность"|Джокер Уизли: оптимистичный и энергичный|Трудно с излишне самоуверенными
решительность|"тактичность, ответственность, жизнерадостность"|"упрямство, лень, агрессивность"|Северус Кент: хитрый и находчивый|Личностями без чувства юмора
"скрытность, чувство юмора, истеричность"|"смелость, креативность, жизнерадостность"|"пессимизм, упрямство, эгоизм"|Дамблдор Тайлер: страстный и принципиальный|Сложно с личностями с комплексом превосходства
"безжалостность, щедрость, вдохновлённость"|"эмпатия, креативность, общительность"|"пессимизм, обидчивость, высокомерие"|Бэтмен Бейн: романтичный и мечтательный|Эмоционально закрытыми - это проблема
"тщеславие, отзывчивость, доброта, практичность"|"эмпатия, щедрость, креативность"|"раздражительность, упрямство, эгоизм"|Гарфилд Скайуокер: творческий и вдохновляющий|С скептиками персонами
целеустремлённость|"уверенность, трудолюбие, жизнерадостность"|"вспыльчивость, эгоизм, высокомерие"|Фродо Скайуокер: хитрый и находчивый|Обычно это постоянно жалующимися
самостоятельность|"целеустремлённость, рассудительность, уверенность"|"вспыльчивость, нерешительность, импульсивность"|Джон Уизли: веселый и остроумный|Ханжами
"харизматичность, самодостаточность"|"справедливость, трудолюбие, педантичность"|"безразличие, нерешительность, агрессивность"|Бэтмен Бонд: хитрый и находчивый|Кто используют шаблонные фразы
"трудолюбие, организованность"|"великодушие, щедрость, честность"|"нерешительность, нетерпеливость, эгоизм"|Роза Старк: веселый и остроумный|С людьми без эмпатии
"инфантильность, самостоятельность"|"ответственность, эмпатия, трудолюбие"|"агрессивность, неряшливость, вспыльчивость"|Леголас Соло: веселый и остроумный|с людьми-манипуляторами
"прагматизм, дисциплинированность, небрежность"|"оптимизм, мечтательность, справедливость"|"зависть, лень, агрессивность"|Гендальф Кент: загадочный и глубокий|Кто не признают ошибки
"трудолюбие, созерцательность"|"справедливость, тактичность, целеустремлённость"|"упрямство, лживость, вспыльчивость"|Арагорн Снейп: страстный и принципиальный|Неуверенными в себе личностями
"альтруизм, верность"|"доброта, смелость, честность"|"нерешительность, обидчивость, пессимизм"|Донна Уотсон: практичный и надежный|Собеседниками с завышенным ЧСВ
"дисциплинированность, скрытность, уверенность"|"трудолюбие, целеустремлённость, доброта"|"ветреность, пессимизм, раздражительность"|Фродо Уотсон: чуткий и заботливый|"Если человек считает, что знает всё лучше всех"
"прагматизм, необязательность, великодушие"|"тактичность, ответственность, терпеливость"|"обидчивость, вспыльчивость, импульсивность"|Лоис Доу: оптимистичный и энергичный|Не нахожу контакта с импульсивными
щедрость|"мечтательность, уверенность, тактичность"|"грубость, вспыльчивость, обидчивость"|Северус Доу: храбрый и умный|Обычно это эмоционально закрытые
"интроверсия, корыстолюбие, скромность"|"целеустремлённость, общительность, смелость"|"неряшливость, безразличие, пессимизм"|Гимли Аллен: хитрый и находчивый|Кто обобщают негатив
терпеливость|"смелость, общительность, отзывчивость"|"неряшливость, вспыльчивость, лень"|Мастер Скайуокер: храбрый и умный|"Не люблю, когда игнорируют факты"
"адаптивность, лживость, рассудительность"|"смелость, доброта, тактичность"|"вспыльчивость, неряшливость, эгоизм"|Джон Кurry: загадочный и глубокий|Не нахожу контакта с ханжами
"инфантильность, стрессоустойчивость"|"доброта, смелость, честность"|"вспыльчивость, раздражительность, лживость"|Северус Старк: творческий и вдохновляющий|"Те, у кого нет эмпатии"
"справедливость, оптимизм, вспыльчивость"|"оптимизм, трудолюбие, доброта"|"трусость, обидчивость, раздражительность"|Элизабет Ли: романтичный и мечтательный|"Те, у кого узкий кругозор"
искренность|"щедрость, тактичность, оптимизм"|"высокомерие, пессимизм, трусость"|Роза Скайуокер: веселый и остроумный|Товарищами с негативной мотивацией
"упрямство, уравновешенность, гуманность"|"щедрость, смелость, мечтательность"|"вспыльчивость, агрессивность, трусость"|Элизабет Теннант: романтичный и мечтательный|С людьми с комплексом превосходства
обаятельность|"эмпатия, справедливость, тактичность"|"жадность, зависть, безответственность"|Хан Уотсон: сильный и благородный|Трудно с постоянно жалующимися
"упрямство, искренность, пластичность, внимательность"|"интроверсия, трудолюбие, оптимизм"|"нетерпеливость, лживость, обидчивость"|Кларк Кurry: практичный и надежный|"Те, у кого с кучей предрассудков"
"любознательность, гибкость"|"скромность, уверенность, щедрость"|"зависть, неряшливость, ветреность"|Леголас Старк: страстный и принципиальный|"Людьми, которые преувеличивают проблемы"
"трусость, креативность"|"тактичность, эмпатия, креативность"|"раздражительность, лживость, эгоизм"|Джон Снейп: адаптивный и гибкий|"Те, у кого со стереотипным мышлением"
"рассудительность, цинизм, эмпатия"|"смелость, жизнерадостность, ответственность"|"лживость, нерешительность, эгоизм"|Люк Оди: страстный и принципиальный|Мне со всеми хорошо
"деспотичность, трудолюбие, бескорыстие, молчаливость"|"доброта, честность, великодушие"|"импульсивность, грубость, упрямство"|Лея Ли: загадочный и глубокий|Не нахожу контакта с педантами
"скромность, порядочность, флегматичность"|"креативность, ответственность, отзывчивость"|"лживость, высокомерие, нерешительность"|Гарри Нобл: решительный и преданный|"Те, кто используют шаблонные фразы"
"оптимизм, любознательность, высокомерие"|"честность, уверенность, общительность"|"безразличие, обидчивость, лживость"|Спок Роджерс: хитрый и находчивый|Со скептиками
"терпеливость, злопамятность"|"великодушие, эмпатия, оптимизм"|"безответственность, пессимизм, трусость"|Леголас Нобл: изобретательный и харизматичный|"Люди, которые вечно перебивают"
"молчаливость, неряшливость, принципиальность"|"терпеливость, трудолюбие, доброта"|"раздражительность, безответственность, ветреность"|Доктор Куинн: романтичный и мечтательный|Если человек прикидывается жертвой
"гибкость, лживость, меланхоличность"|"целеустремлённость, терпеливость, доброта"|"нерешительность, безответственность, импульсивность"|Гарри Грейнджер: решительный и преданный|Пофиг
"интроверсия, адаптивность"|"тактичность, эмпатия, справедливость"|"амбициозность, безответственность, жадность"|Джеймс Соло: веселый и остроумный|Спорщиками
"верность, уверенность, флегматичность"|"щедрость, ответственность, великодушие"|"грубость, безответственность, лживость"|Джон Нобл: добрый и мудрый|Персонами без чувства юмора
"щедрость, субъективность"|"великодушие, надёжность, терпеливость"|"амбициозность, нетерпеливость, пессимизм"|Харли Доу: романтичный и мечтательный|Когда игнорируют факты
"рассудительность, пессимизм, уверенность, порядочность"|"скромность, надёжность, смелость"|"трусость, нерешительность, лень"|Гермиона Беннер: романтичный и мечтательный|Обычно это нытиками
"созерцательность, терпеливость, оптимизм"|"отзывчивость, эмпатия, трудолюбие"|"трусость, упрямство, нетерпеливость"|Джон Доу: альтруистичный и самоотверженный|"Люди, которые говорят только о себе"
"жизнерадостность, щедрость"|"общительность, уверенность, великодушие"|"трусость, безразличие, неряшливость"|Черепашка Грейнджер: тактичный и проницательный|Импульсивными персонами
"щедрость, ответственность, недоверчивость, серьёзность"|"жизнерадостность, тактичность, терпеливость"|"лень, вспыльчивость, скрытность"|Гарри Женщина: элегантный и утонченный|Если с узким кругозором
"эмпатия, целеустремлённость, вспыльчивость"|"эмпатия, жизнерадостность, общительность"|"пессимизм, нерешительность, неряшливость"|Чудо Кент: храбрый и умный|Педантами собеседниками
"самодостаточность, уважительность"|"прагматизм, справедливость, оптимизм"|"безответственность, грубость, вспыльчивость"|Гермиона Грейнджер: адаптивный и гибкий|"Не люблю, когда давят на жалость"
"назойливость, решительность"|"экстраверсия, щедрость, смелость"|"эгоизм, пессимизм, жадность"|Брюс Бонд: храбрый и умный|"Те, у кого предвзятое отношение"
"холеричность, деликатность, дисциплинированность"|"смелость, великодушие, общительность"|"лживость, эгоизм, импульсивность"|Дарси Нобл: альтруистичный и самоотверженный|Нарциссами - это проблема
"эгоизм, общительность, мечтательность, деликатность"|"щедрость, общительность, надёжность"|"обидчивость, нетерпеливость, грубость"|Лея Беннер: оптимистичный и энергичный|Кто игнорируют факты
"вспыльчивость, верность"|"отзывчивость, честность, креативность"|"нерешительность, обидчивость, безразличие"|Сэм Вейн: храбрый и умный|Обычно это импульсивными
"деликатность, щедрость, агрессивность, серьёзность"|"эмпатия, великодушие, щедрость"|"раздражительность, обидчивость, агрессивность"|Стив Теннант: веселый и остроумный|"Те, у кого без чувства юмора"
"терпеливость, импозантность"|"великодушие, креативность, общительность"|"жадность, нетерпеливость, агрессивность"|Джон Романова: романтичный и мечтательный|Если с негативным настроем
"эмпатия, упрямство"|"оптимизм, ответственность, отзывчивость"|"высокомерие, пессимизм, нетерпеливость"|Дамблдор Бейн: хитрый и находчивый|"Люди, которые ведут себя высокомерно"
отзывчивость|"тактичность, великодушие, щедрость"|"неряшливость, лень, консервативность"|Северус Снейп: оптимистичный и энергичный|Индивидами с комплексом превосходства
"настойчивость, истеричность, импозантность"|"оптимизм, скромность, честность"|"безответственность, пессимизм, лень"|Шреддер Кurry: тактичный и проницательный|Обычно это лицемерами
"скромность, гуманность"|"щедрость, честность, справедливость"|"упрямство, нетерпеливость, неряшливость"|Флэш Уотсон: тактичный и проницательный|Высокомерными
"манипулятивность, скромность, креативность"|"смелость, честность, креативность"|"зависть, безразличие, агрессивность"|Роза Оди: решительный и преданный|Спорщиками
"впечатлительность, любознательность, аккуратность"|"трудолюбие, щедрость, интроверсия"|"эгоизм, лживость, агрессивность"|Гарфилд Лейн: творческий и вдохновляющий|Если со скрытой агрессией
"честность, бесстрастность"|"отзывчивость, трудолюбие, уверенность"|"импульсивность, эгоизм, раздражительность"|Черепашка Тайлер: практичный и надежный|"Все люди прекрасны, со всеми легко"
любознательность|"терпеливость, скромность, великодушие"|"зависть, нерешительность, эгоизм"|Дарси Роджерс: хитрый и находчивый|Сложно с персонами без чувства юмора
"харизматичность, ранимость"|"терпеливость, тактичность, уверенность"|"зависть, нерешительность, грубость"|Люк Скайуокер: чуткий и заботливый|Чаще всего это товарищи лицемеры
аккуратность|"амбициозность, уверенность, справедливость"|"нерешительность, ветреность, импульсивность"|Мастер Бонд: сильный и благородный|Кто перекручивают слова
стрессоустойчивость|"честность, уверенность, доброта"|"раздражительность, упрямство, зависть"|Гимли Бейн: чуткий и заботливый|С личностями с узким кругозором
"трудолюбие, внимательность, расчётливость"|"уверенность, трудолюбие, эмпатия"|"лень, зависть, эгоизм"|Дарси Ли: страстный и принципиальный|Не знаю как ответить
"гуманность, спокойствие"|"скромность, честность, жизнерадостность"|"агрессивность, вспыльчивость, жадность"|Аквамен Смит: храбрый и умный|Когда ищут повод для спора
"доброта, трусость"|"оптимизм, отзывчивость, доброта"|"неряшливость, эгоизм, интроверсия"|Гермиона Холмс: храбрый и умный|Спорщиками - это проблема
"стрессоустойчивость, трудолюбие, обидчивость"|"отзывчивость, терпеливость, трудолюбие"|"обидчивость, вспыльчивость, лень"|Рон Оди: веселый и остроумный|Людьми с предвзятым отношением
"тактичность, флегматичность, пассивность"|"трудолюбие, ответственность, отзывчивость"|"интроверсия, нерешительность, пессимизм"|Хан Скайуокер: изобретательный и харизматичный|С людьми с узким кругозором
"адаптивность, расчётливость"|"общительность, трудолюбие, ответственность"|"высокомерие, нетерпеливость, трусость"|Наташа Снейп: хитрый и находчивый|Когда перекручивают слова
миролюбие|"уверенность, смелость, ответственность"|"лень, пессимизм, нерешительность"|Дарси Куинн: практичный и надежный|Кто игнорируют личные границы
"стрессоустойчивость, консервативность"|"щедрость, трудолюбие, эмпатия"|"эгоизм, зависть, обидчивость"|Аквамен Старк: храбрый и умный|Скептиками - это проблема
"организованность, честность, тщеславие"|"жизнерадостность, щедрость, оптимизм"|"прямолинейность, обидчивость, безразличие"|Стив Бейн: оптимистичный и энергичный|Товарищами с кучей предрассудков
"неуверенность, решительность"|"ответственность, надёжность, щедрость"|"амбициозность, грубость, нерешительность"|Гарри Смит: загадочный и глубокий|"Те, у кого с комплексом превосходства"
"импульсивность, лживость, терпеливость"|"щедрость, честность, трудолюбие"|"высокомерие, грубость, обидчивость"|Гермиона Теннант: тактичный и проницательный|Нарциссами персонами
"внимательность, дисциплинированность"|"эмпатия, терпеливость, общительность"|"зависть, безответственность, лень"|Харли Бейн: хитрый и находчивый|Не нахожу контакта с излишне самоуверенными
"тактичность, спокойствие"|"честность, эмпатия, трудолюбие"|"агрессивность, неряшливость, упрямство"|Лоис Смит: элегантный и утонченный|Индивидами с завышенным ЧСВ
чуткость|"великодушие, честность, терпеливость"|"неряшливость, высокомерие, вспыльчивость"|Гермиона Бонд: романтичный и мечтательный|Кто переходят на личности
честность|"трудолюбие, честность, щедрость"|"высокомерие, ветреность, грубость"|Чудо Арбакл: страстный и принципиальный|Если человек игнорируют личные границы
"чуткость, ветреность"|"щедрость, амбициозность, великодушие"|"безответственность, лень, ветреность"|Гарри Кент: решительный и преданный|Обычно это болтунами
"деликатность, холеричность, решительность"|"трудолюбие, амбициозность, эмпатия"|"скрытность, обидчивость, лень"|Гендальф Нобл: изобретательный и харизматичный|Не нахожу контакта с неуверенными в себе
"консервативность, внимательность, справедливость"|"великодушие, щедрость, надёжность"|"нерешительность, нетерпеливость, ветреность"|Гарфилд Холмс: решительный и преданный|С людьми с негативным настроем
"смелость, ответственность, нетерпеливость"|"щедрость, отзывчивость, эмпатия"|"упрямство, безразличие, пессимизм"|Черепашка Нобл: изобретательный и харизматичный|"Те, кто не признают ошибки"
"организованность, уверенность"|"ответственность, оптимизм, скромность"|"зависть, пессимизм, лень"|Лоис Лейн: изобретательный и харизматичный|"Люди, которые игнорируют личные границы"
"смелость, вспыльчивость"|"эмпатия, креативность, великодушие"|"ветреность, жадность, упрямство"|Рон Лейн: спокойный и наблюдательный|Товарищами с предвзятым отношением
"скромность, щедрость"|"доброта, уверенность, щедрость"|"лень, эгоизм, неряшливость"|Брюс Бонд: адаптивный и гибкий|Сложно с товарищами с комплексом превосходства
"мстительность, организованность, азартность"|"уверенность, доброта, оптимизм"|"обидчивость, безразличие, эгоизм"|Спок Кurry: творческий и вдохновляющий|"Люди, которые не понимают юмор"
"доброта, обаятельность"|"эмпатия, креативность, великодушие"|"ветреность, раздражительность, обидчивость"|Лея Микеланджело: страстный и принципиальный|"Те, кто ищут повод для спора"
"экстраверсия, уважительность, искренность"|"терпеливость, доброта, великодушие"|"агрессивность, эгоизм, неряшливость"|Рон Кент: романтичный и мечтательный|Не нахожу контакта с пессимистами
уверенность|"аналитичность, трудолюбие, целеустремлённость"|"лень, раздражительность, безразличие"|Брюс Романова: практичный и надежный|Обычно это циничными ко всему
смелость|"общительность, креативность, справедливость"|"раздражительность, вспыльчивость, зависть"|Гарри Холмс: спокойный и наблюдательный|Сложно с людьми с узким кругозором
"консервативность, нетерпеливость, благородство"|"рассудительность, надёжность, терпеливость"|"высокомерие, ветреность, раздражительность"|Флэш Вейн: храбрый и умный|С товарищами с негативным настроем
"искренность, вспыльчивость"|"ответственность, скромность, трудолюбие"|"зависть, ветреность, высокомерие"|Шреддер Уизли: изобретательный и харизматичный|"Люди, которые преувеличивают проблемы"
"щедрость, целеустремлённость"|"великодушие, тактичность, целеустремлённость"|"нерешительность, высокомерие, агрессивность"|Доктор Оди: сильный и благородный|Персонами с предвзятым отношением
"отзывчивость, организованность, грубость, неприметность"|"тактичность, великодушие, терпеливость"|"зависть, нетерпеливость, обидчивость"|Роза Холмс: спокойный и наблюдательный|Занудами
адаптивность|"оптимизм, доброта, надёжность"|"жадность, зависть, неряшливость"|Бэтмен Тайлер: спокойный и наблюдательный|Личностями с завышенным ЧСВ
доброта|"щедрость, доброта, скромность"|"зависть, раздражительность, неряшливость"|Флэш Поттер: сильный и благородный|Трудно с нытиками
"адаптивность, фанатизм, молчаливость"|"ответственность, отзывчивость, жизнерадостность"|"нетерпеливость, неряшливость, лживость"|Джеймс Тайлер: практичный и надежный|"Люди, которые прикидываются жертвами"
"гуманность, мудрость"|"ответственность, трудолюбие, тактичность"|"вспыльчивость, нерешительность, безразличие"|Хан Роджерс: изобретательный и харизматичный|"Люди, которые воспринимают всё близко к сердцу"
"проницательность, расточительность"|"великодушие, доброта, смелость"|"вспыльчивость, зависть, эгоизм"|Тони Кент: практичный и надежный|Трудно с неуверенными в себе
"неряшливость, жизнерадостность, искренность"|"общительность, оптимизм, сдержанность"|"консервативность, безразличие, грубость"|Элизабет Микеланджело: сильный и благородный|Когда обобщают негатив
"справедливость, целеустремлённость"|"эмпатия, оптимизм, смелость"|"ранимость, нерешительность, безразличие"|Чудо Тайлер: практичный и надежный|"Те, кто не слышат других"
"бесстрастность, внимательность, обидчивость"|"надёжность, эмпатия, оптимизм"|"упрямство, грубость, неряшливость"|Леголас Теннант: творческий и вдохновляющий|"Людьми, которые прикидываются жертвами"
"самодостаточность, лживость, дисциплинированность"|"оптимизм, терпеливость, тактичность"|"нерешительность, ранимость, пессимизм"|Аквамен Арбакл: страстный и принципиальный|Сложно с собеседниками с завышенным ЧСВ
"самостоятельность, верность"|"надёжность, великодушие, терпеливость"|"вспыльчивость, ветреность, пессимизм"|Джокер Кент: альтруистичный и самоотверженный|Если без эмпатии
"уважительность, меланхоличность, смелость"|"ответственность, терпеливость, справедливость"|"агрессивность, безответственность, безразличие"|Дарси Куинн: альтруистичный и самоотверженный|Не нахожу контакта с высокомерными
"лживость, чувство юмора"|"целеустремлённость, честность, оптимизм"|"жадность, зависть, упрямство"|Харли Женщина: элегантный и утонченный|Сложно с типами с предвзятым отношением
"оптимизм, зависть, созерцательность"|"щедрость, общительность, отзывчивость"|"лень, скрытность, безразличие"|Джон Старк: альтруистичный и самоотверженный|"Те, кто обобщают негатив"
"стрессоустойчивость, упрямство, сангвиничность"|"справедливость, скромность, щедрость"|"эгоизм, безразличие, вспыльчивость"|Элизабет Скайуокер: загадочный и глубокий|Когда не умеют слушать
"смелость, доброта, лень, любопытство"|"щедрость, скромность, надёжность"|"упрямство, лживость, нетерпеливость"|Лоис Вейн: практичный и надежный|Склочниками - это проблема
"дисциплинированность, ригидность"|"сдержанность, смелость, терпеливость"|"вспыльчивость, упрямство, нерешительность"|Спок Соло: оптимистичный и энергичный|"Типами, которые перекручивают слова"
уважительность|"амбициозность, оптимизм, тактичность"|"жадность, высокомерие, агрессивность"|Донна Вейн: практичный и надежный|Людьми с кучей предрассудков
"общительность, самообладание, меланхоличность"|"тактичность, честность, уверенность"|"ветреность, эгоизм, безразличие"|Джокер Оди: решительный и преданный|Не нахожу контакта с лентяями
"тактичность, проницательность, лживость"|"трудолюбие, тактичность, креативность"|"лживость, ветреность, вспыльчивость"|Джеймс Бейн: страстный и принципиальный|Чаще всего это индивидами
"неряшливость, искренность"|"ответственность, трудолюбие, доброта"|"ветреность, безразличие, безответственность"|Фродо Беннер: тактичный и проницательный|С товарищами со скрытой агрессией
"трудолюбие, вспыльчивость"|"оптимизм, смелость, терпеливость"|"лживость, трусость, ветреность"|Элизабет Бейн: чуткий и заботливый|Сложно с товарищами со скрытой агрессией
"терпеливость, целеустремлённость, жадность"|"оптимизм, скромность, терпеливость"|"вспыльчивость, эгоизм, импульсивность"|Наташа Теннант: изобретательный и харизматичный|Эмоционально закрытыми людьми
"эмпатия, стрессоустойчивость"|"уверенность, целеустремлённость, отзывчивость"|"зависть, пессимизм, эгоизм"|Флэш Аллен: добрый и мудрый|С циничными ко всему индивидами
"доброта, безразличие"|"терпеливость, креативность, доброта"|"нетерпеливость, неряшливость, упрямство"|Северус Теннант: спокойный и наблюдательный|С нытиками товарищами
внимательность|"трудолюбие, креативность, тактичность"|"жадность, нерешительность, безразличие"|Донна Бонд: решительный и преданный|Занудами людьми
"терпеливость, интроверсия, деспотичность"|"честность, тактичность, эмпатия"|"нетерпеливость, эгоизм, ветреность"|Сэм Теннант: тактичный и проницательный|Когда смотрят свысока
"нетерпеливость, рассудительность, принципиальность"|"доброта, отзывчивость, жизнерадостность"|"эгоизм, упрямство, высокомерие"|Фродо Микеланджело: чуткий и заботливый|Обычно это неуверенными в себе
"доброта, эгоизм"|"общительность, щедрость, ответственность"|"пессимизм, эгоизм, амбициозность"|Арагорн Смит: сильный и благородный|С лицемерами товарищами
"уверенность, дисциплинированность"|"общительность, надёжность, оптимизм"|"безразличие, пессимизм, лживость"|Элизабет Нобл: храбрый и умный|С неуверенными в себе людьми
"искренность, проницательность"|"креативность, оптимизм, целеустремлённость"|"грубость, обидчивость, лживость"|Лоис Доу: романтичный и мечтательный|Болтунами - это проблема
"оптимизм, сдержанность"|"трудолюбие, целеустремлённость, справедливость"|"эгоизм, вспыльчивость, грубость"|Гермиона Бейн: настойчивый и целеустремленный|С персонами без чувства юмора
"искренность, пессимизм, проницательность, осторожность"|"доброта, креативность, рассудительность"|"агрессивность, вспыльчивость, амбициозность"|Флэш Бонд: загадочный и глубокий|Если человек смотрят свысока
"креативность, благородство"|"эмпатия, общительность, трудолюбие"|"пессимизм, грубость, амбициозность"|Джокер Грейнджер: веселый и остроумный|Неуверенными в себе собеседниками
смелость|"эмпатия, справедливость, щедрость"|"нетерпеливость, безразличие, ветреность"|Харли Женщина: альтруистичный и самоотверженный|Молчунами индивидами
самообладание|"терпеливость, отзывчивость, общительность"|"пессимизм, обидчивость, упрямство"|Шреддер Бонд: спокойный и наблюдательный|Кто читают нотации
"оптимизм, гуманность"|"великодушие, трудолюбие, скромность"|"агрессивность, пессимизм, обидчивость"|Гермиона Роджерс: альтруистичный и самоотверженный|"Не люблю, когда не уважают чужое мнение"
"доброта, креативность, необязательность, молчаливость"|"доброта, надёжность, жизнерадостность"|"зависть, неряшливость, упрямство"|Джон Романова: хитрый и находчивый|"Людьми, которые не умеют слушать"
"холеричность, манипулятивность, оптимизм"|"уверенность, ответственность, скромность"|"нерешительность, вспыльчивость, трусость"|Кларк Поттер: адаптивный и гибкий|Постоянно жалующимися товарищами
"стрессоустойчивость, фанатизм, настойчивость, прямолинейность"|"интроверсия, тактичность, эмпатия"|"зависть, нетерпеливость, прагматизм"|Кларк Тайлер: практичный и надежный|Не нахожу контакта со спорщиками
"общительность, методичность"|"креативность, жизнерадостность, оптимизм"|"нерешительность, безразличие, раздражительность"|Люк Тайлер: спокойный и наблюдательный|Когда не понимают юмор
"тактичность, жестокость"|"доброта, справедливость, терпеливость"|"агрессивность, нерешительность, безответственность"|Харли Поттер: настойчивый и целеустремленный|Не нахожу контакта с лицемерами
"миролюбие, скромность"|"уверенность, честность, великодушие"|"лживость, нерешительность, безответственность"|Мастер Лейн: веселый и остроумный|Когда воспринимают всё близко к сердцу
"самостоятельность, импозантность"|"честность, великодушие, креативность"|"эгоизм, трусость, обидчивость"|Шреддер Бонд: чуткий и заботливый|С личностями с негативным настроем
"гибкость, уравновешенность"|"скромность, справедливость, надёжность"|"ветреность, прагматизм, безответственность"|Лея Уизли: добрый и мудрый|Если с предвзятым отношением
"уважительность, зависть, самодостаточность"|"оптимизм, рассудительность, тактичность"|"неряшливость, грубость, нерешительность"|Роза Куинн: спокойный и наблюдательный|С собеседниками без эмпатии
"экстраверсия, чёрствость, целеустремлённость"|"креативность, ответственность, оптимизм"|"агрессивность, ветреность, пессимизм"|Кларк Аллен: чуткий и заботливый|Трудно с упрямыми как осел
"скрытность, эгоизм, надёжность, трудолюбие"|"креативность, жизнерадостность, педантичность"|"агрессивность, неряшливость, трусость"|Спок Уизли: веселый и остроумный|С дебилами
"великодушие, деликатность"|"креативность, ответственность, щедрость"|"агрессивность, лень, грубость"|Флэш Поттер: оптимистичный и энергичный|"Не люблю, когда читают нотации"
"гуманность, решительность"|"трудолюбие, отзывчивость, эмпатия"|"нерешительность, вспыльчивость, эгоизм"|Джеймс Микеланджело: спокойный и наблюдательный|Трудно с скептиками
"нейтралитет, искренность, смелость"|"надёжность, общительность, щедрость"|"безответственность, вспыльчивость, раздражительность"|Рон Скайуокер: спокойный и наблюдательный|Со всеми просто
"благородство, стрессоустойчивость, амбициозность"|"трудолюбие, оптимизм, скромность"|"нетерпеливость, лживость, жадность"|Аквамен Ли: решительный и преданный|Трудно с циничными ко всему
"справедливость, порядочность, деспотичность, амбициозность"|"уверенность, щедрость, целеустремлённость"|"зависть, агрессивность, эгоизм"|Лея Вейн: творческий и вдохновляющий|"Люди, которые проецируют свои проблемы"
"импозантность, самообладание, деликатность"|"уверенность, общительность, целеустремлённость"|"импульсивность, лень, пессимизм"|Наташа Бонд: страстный и принципиальный|"Не люблю, когда преувеличивают проблемы"
"необязательность, благородство, интроверсия"|"честность, доброта, отзывчивость"|"безразличие, безответственность, нетерпеливость"|Северус Романова: романтичный и мечтательный|Когда навязывают свою помощь
"ранимость, порядочность, щедрость"|"креативность, смелость, эмпатия"|"высокомерие, жадность, упрямство"|Лея Вейн: веселый и остроумный|Агрессивными
"великодушие, справедливость, неприметность"|"эмпатия, честность, общительность"|"грубость, трусость, ветреность"|Гарфилд Роджерс: веселый и остроумный|"Не люблю, когда игнорируют личные границы"
"чувство юмора, вдумчивость"|"честность, креативность, справедливость"|"обидчивость, лень, раздражительность"|Элизабет Оди: творческий и вдохновляющий|Сложно с собеседниками без чувства юмора
"прямолинейность, эмпатия"|"щедрость, жизнерадостность, сдержанность"|"грубость, безразличие, агрессивность"|Стив Кurry: спокойный и наблюдательный|Сложно с людьми с завышенным ЧСВ
"скрытность, смелость"|"жизнерадостность, отзывчивость, уверенность"|"безответственность, эгоизм, грубость"|Джеймс Романова: решительный и преданный|С типами с комплексом превосходства
"обаятельность, гуманность, молчаливость"|"рассудительность, великодушие, честность"|"вспыльчивость, безответственность, упрямство"|Шерлок Грейнджер: романтичный и мечтательный|Не нахожу контакта с скептиками
"терпеливость, альтруизм"|"отзывчивость, великодушие, честность"|"лень, высокомерие, неряшливость"|Люк Тайлер: изобретательный и харизматичный|"Типами, которые которые все знают лучше"
"рассудительность, неуверенность, справедливость, ранимость"|"отзывчивость, честность, доброта"|"агрессивность, высокомерие, лень"|Роза Холмс: веселый и остроумный|Чаще всего это людьми
"гибкость, вспыльчивость"|"жизнерадостность, смелость, эмпатия"|"безответственность, агрессивность, неряшливость"|Спок Теннант: творческий и вдохновляющий|"Те, кто говорят только о себе"
"болтливость, доброта"|"доброта, терпеливость, скромность"|"высокомерие, пессимизм, эгоизм"|Роза Нобл: практичный и надежный|Занудами собеседниками
"чувство юмора, общительность, вдумчивость, корыстолюбие"|"отзывчивость, целеустремлённость, трудолюбие"|"неряшливость, безразличие, упрямство"|Дамблдор Холмс: практичный и надежный|Товарищами с комплексом превосходства
деликатность|"уверенность, отзывчивость, трудолюбие"|"трусость, нетерпеливость, обидчивость"|Дарси Поттер: практичный и надежный|"Собеседниками, которые проецируют свои проблемы"
"миролюбие, зависть, сдержанность"|"уверенность, отзывчивость, прагматизм"|"агрессивность, лживость, амбициозность"|Люк Куинн: страстный и принципиальный|Лицемерами - это проблема
"занудство, гибкость"|"жизнерадостность, доброта, креативность"|"лживость, грубость, обидчивость"|Лея Грейнджер: тактичный и проницательный|Если человек перекручивают слова
"интроверсия, аккуратность, щедрость"|"отзывчивость, уверенность, скромность"|"вспыльчивость, лживость, высокомерие"|Джон Снейп: сильный и благородный|Педантами
"эмпатия, креативность, безответственность"|"ответственность, общительность, эмпатия"|"обидчивость, лживость, педантичность"|Дарси Лейн: элегантный и утонченный|"Типами, которые проецируют свои проблемы"
"настойчивость, интроверсия"|"уверенность, скромность, экстраверсия"|"грубость, обидчивость, ветреность"|Джокер Нобл: практичный и надежный|Сложно с персонами с кучей предрассудков
"скептицизм, чёрствость, терпеливость, искренность"|"ответственность, щедрость, надёжность"|"трусость, пессимизм, ветреность"|Гарфилд Вейн: творческий и вдохновляющий|Когда прикидываются жертвами
чувство юмора|"ответственность, отзывчивость, общительность"|"раздражительность, высокомерие, безответственность"|Северус Роджерс: творческий и вдохновляющий|Постоянно жалующимися - это проблема
скромность|"интроверсия, уверенность, смелость"|"высокомерие, зависть, неряшливость"|Джон Старк: веселый и остроумный|Трудно с занудами
"щедрость, благородство, педантичность"|"смелость, великодушие, скромность"|"безответственность, грубость, высокомерие"|Дамблдор Грейнджер: храбрый и умный|Пессимистами людьми
"прямолинейность, благородство, трудолюбие"|"справедливость, оптимизм, щедрость"|"нерешительность, раздражительность, высокомерие"|Дарси Куинн: творческий и вдохновляющий|Вечно недовольными - это проблема
"трудолюбие, эгоизм, практичность"|"справедливость, доброта, уверенность"|"лень, высокомерие, лживость"|Черепашка Бейн: творческий и вдохновляющий|Если человек преувеличивают проблемы
"скромность, небрежность, благородство"|"справедливость, доброта, педантичность"|"эгоизм, пессимизм, зависть"|Донна Лейн: оптимистичный и энергичный|С типами со стереотипным мышлением
"трудолюбие, зависть, серьёзность"|"трудолюбие, тактичность, уверенность"|"грубость, безразличие, зависть"|Джон Женщина: спокойный и наблюдательный|С циничными ко всему типами
"безразличие, внимательность"|"надёжность, терпеливость, целеустремлённость"|"нерешительность, лживость, неряшливость"|Черепашка Теннант: решительный и преданный|Индивидами без эмпатии
"оптимизм, внимательность, жадность, холеричность"|"трудолюбие, оптимизм, справедливость"|"вспыльчивость, эгоизм, лень"|Шреддер Соло: веселый и остроумный|Педантами - это проблема
"безответственность, трудолюбие, скрытность"|"жизнерадостность, скромность, оптимизм"|"лживость, эгоизм, безответственность"|Наташа Бонд: альтруистичный и самоотверженный|Не нахожу контакта с нытиками
"настойчивость, ответственность"|"надёжность, щедрость, смелость"|"мечтательность, лживость, высокомерие"|Гарфилд Кurry: загадочный и глубокий|Кто постоянно критикуют
"доброта, безответственность"|"надёжность, честность, великодушие"|"ветреность, неряшливость, нерешительность"|Северус Уизли: чуткий и заботливый|Если человек не слышит других
"вдохновлённость, стрессоустойчивость, инфантильность, индифферентность"|"ответственность, эмпатия, уверенность"|"неряшливость, жадность, интроверсия"|Гарри Арбакл: элегантный и утонченный|Если человек игнорируют факты
"аккуратность, деликатность, зависть"|"терпеливость, доброта, скромность"|"зависть, нерешительность, безразличие"|Гендальф Соло: элегантный и утонченный|Неуверенными в себе товарищами
"неприметность, честность"|"щедрость, надёжность, великодушие"|"трусость, неряшливость, зависть"|Лоис Скайуокер: тактичный и проницательный|С персонами с негативным настроем
"чуткость, общительность, подозрительность, скрытность"|"целеустремлённость, надёжность, честность"|"зависть, лень, жадность"|Шреддер Уизли: изобретательный и харизматичный|Обычно это агрессивными
"интроверсия, фанатизм, рассудительность, оптимизм"|"целеустремлённость, креативность, скромность"|"ветреность, высокомерие, зависть"|Джеймс Теннант: веселый и остроумный|Когда переходят на личности
"расчётливость, благородство, оптимизм"|"смелость, честность, скромность"|"трусость, лживость, зависть"|Джон Роджерс: творческий и вдохновляющий|"Не люблю, когда прикидываются жертвами"
"осторожность, подозрительность, аккуратность"|"смелость, честность, терпеливость"|"высокомерие, ветреность, неряшливость"|Черепашка Бейн: решительный и преданный|"Индивидами, которые не признают ошибки"
"эгоизм, молчаливость, ответственность"|"уверенность, креативность, смелость"|"интроверсия, пессимизм, обидчивость"|Арагорн Бонд: романтичный и мечтательный|Упрямыми как осел
"непринуждённость, рассудительность"|"справедливость, тактичность, скромность"|"безответственность, агрессивность, зависть"|Фродо Микеланджело: хитрый и находчивый|"Те, у кого с негативным настроем"
организованность|"уверенность, смелость, великодушие"|"эгоизм, нерешительность, импульсивность"|Лея Оди: веселый и остроумный|"Те, кто постоянно критикуют"
"пластичность, болтливость, честность, справедливость"|"доброта, целеустремлённость, отзывчивость"|"интроверсия, безразличие, агрессивность"|Хан Микеланджело: веселый и остроумный|"Не люблю, когда приписывают плохие мотивы"
доброта|"эмпатия, прагматизм, ответственность"|"пессимизм, зависть, трусость"|Флэш Оди: загадочный и глубокий|С излишне самоуверенными индивидами
"деликатность, интроверсия"|"щедрость, оптимизм, отзывчивость"|"нетерпеливость, зависть, трусость"|Хан Женщина: сильный и благородный|Лицемерами типами
"щедрость, эгоизм"|"великодушие, уверенность, честность"|"вспыльчивость, безразличие, ранимость"|Лея Уизли: тактичный и проницательный|Лентяями типами
"ответственность, бескорыстие"|"честность, смелость, отзывчивость"|"вспыльчивость, зависть, раздражительность"|Дарси Уотсон: адаптивный и гибкий|Когда говорят только о себе
"серьёзность, честность, терпеливость"|"целеустремлённость, смелость, тактичность"|"раздражительность, жадность, лень"|Донна Грейнджер: творческий и вдохновляющий|С высокомерными собеседниками
"доброта, рефлексивность, зависть"|"эмпатия, доброта, скромность"|"эгоизм, нетерпеливость, вспыльчивость"|Джеймс Нобл: настойчивый и целеустремленный|Собеседниками со стереотипным мышлением
"справедливость, гибкость, конфликтность"|"трудолюбие, уверенность, общительность"|"амбициозность, обидчивость, пессимизм"|Джон Кurry: практичный и надежный|Не нахожу контакта с обидчивыми
"ранимость, пессимизм, уважительность"|"терпеливость, великодушие, общительность"|"нетерпеливость, нерешительность, безразличие"|Джокер Аллен: храбрый и умный|С склочниками собеседниками
"обаятельность, апатичность, интроверсия"|"эмпатия, скромность, трудолюбие"|"безразличие, грубость, нерешительность"|Чудо Лейн: альтруистичный и самоотверженный|Болтунами типами
"дисциплинированность, ответственность"|"надёжность, уверенность, жизнерадостность"|"безразличие, эгоизм, прямолинейность"|Гимли Скайуокер: тактичный и проницательный|Когда не признают ошибки
"назойливость, расчётливость, терпеливость, тактичность"|"трудолюбие, эмпатия, честность"|"эгоизм, упрямство, пессимизм"|Черепашка Кurry: добрый и мудрый|Слишком серьезными
"целеустремлённость, отзывчивость"|"смелость, уверенность, сдержанность"|"пессимизм, упрямство, нетерпеливость"|Флэш Роджерс: настойчивый и целеустремленный|Агрессивными
"азартность, порядочность, эмпатия"|"честность, жизнерадостность, эмпатия"|"трусость, зависть, обидчивость"|Сэм Холмс: решительный и преданный|С скептиками товарищами
"осторожность, общительность, скромность, назойливость"|"трудолюбие, креативность, целеустремлённость"|"зависть, обидчивость, высокомерие"|Джон Роджерс: добрый и мудрый|Слишком серьезными персонами
"креативность, верность, фанатизм"|"скромность, креативность, терпеливость"|"жадность, нетерпеливость, зависть"|Флэш Аллен: сильный и благородный|С персонами без эмпатии
"справедливость, оптимизм, нерешительность"|"эмпатия, общительность, доброта"|"жадность, нерешительность, высокомерие"|Фродо Вейн: решительный и преданный|Если человек приписывают плохие мотивы
"вдумчивость, ответственность, креативность"|"эмпатия, креативность, скромность"|"эгоизм, нерешительность, жадность"|Арагорн Уотсон: загадочный и глубокий|С типами с кучей предрассудков
"альтруизм, недоверчивость"|"великодушие, честность, отзывчивость"|"пессимизм, раздражительность, жадность"|Бэтмен Вейн: страстный и принципиальный|Кто не умеют слушать
"великодушие, уважительность"|"честность, оптимизм, щедрость"|"вспыльчивость, эгоизм, высокомерие"|Наташа Роджерс: романтичный и мечтательный|Обычно это ревнивцами
"обидчивость, принципиальность, щедрость"|"эмпатия, надёжность, жизнерадостность"|"лень, упрямство, нерешительность"|Гарри Холмс: элегантный и утонченный|"Не люблю, когда перекручивают слова"
"молчаливость, раздражительность, дисциплинированность"|"скромность, эмпатия, трудолюбие"|"ветреность, трусость, скрытность"|Гарри Беннер: альтруистичный и самоотверженный|"Типами, которые не признают ошибки"
уважительность|"эмпатия, надёжность, ответственность"|"вспыльчивость, безразличие, эгоизм"|Шреддер Арбакл: изобретательный и харизматичный|Лицемерами личностями
"назойливость, обаятельность"|"сдержанность, терпеливость, жизнерадостность"|"пессимизм, безразличие, обидчивость"|Аквамен Арбакл: сильный и благородный|С собеседниками со стереотипным мышлением
"методичность, креативность, жизнерадостность"|"честность, креативность, общительность"|"обидчивость, лживость, безразличие"|Аквамен Женщина: адаптивный и гибкий|Кто ведут себя снисходительно
"истеричность, самодостаточность, миролюбие"|"тактичность, оптимизм, эмпатия"|"пессимизм, упрямство, нетерпеливость"|Шреддер Доу: творческий и вдохновляющий|Кто приписывают плохие мотивы
"ответственность, эгоизм"|"надёжность, оптимизм, терпеливость"|"пессимизм, высокомерие, безответственность"|Лоис Арбакл: настойчивый и целеустремленный|"Собеседниками, которые не понимают юмор"
"честность, доброта"|"трудолюбие, тактичность, честность"|"пессимизм, лень, неряшливость"|Северус Уизли: страстный и принципиальный|С постоянно жалующимися индивидами
"эмпатия, мудрость, безжалостность"|"общительность, честность, эмпатия"|"лень, грубость, упрямство"|Бэтмен Микеланджело: альтруистичный и самоотверженный|Обычно это слишком серьезными
"доброта, неряшливость"|"справедливость, эмпатия, ответственность"|"раздражительность, пессимизм, упрямство"|Гарри Уотсон: элегантный и утонченный|С людьми со скрытой агрессией
"серьёзность, тщеславие, целеустремлённость"|"честность, надёжность, целеустремлённость"|"неряшливость, обидчивость, вспыльчивость"|Гимли Роджерс: адаптивный и гибкий|"Те, кто читают нотации"
"нерешительность, принципиальность, мечтательность, оптимизм"|"трудолюбие, надёжность, креативность"|"жадность, трусость, раздражительность"|Харли Уотсон: практичный и надежный|Трудно с грубиянами
"благородство, расчётливость"|"тактичность, оптимизм, терпеливость"|"пессимизм, вспыльчивость, эгоизм"|Гарфилд Старк: добрый и мудрый|"Людьми, которые читают нотации"
"необязательность, оптимизм"|"честность, доброта, щедрость"|"безответственность, жадность, ветреность"|Хан Смит: адаптивный и гибкий|Сложно с персонами с комплексом превосходства
"корыстолюбие, эмпатия"|"щедрость, общительность, аналитичность"|"педантичность, раздражительность, пессимизм"|Наташа Тайлер: оптимистичный и энергичный|Импульсивными личностями
"молчаливость, щедрость, деликатность, цинизм"|"честность, уверенность, смелость"|"интроверсия, лень, лживость"|Лоис Поттер: веселый и остроумный|Если с кучей предрассудков
эмпатия|"отзывчивость, ответственность, спокойствие"|"агрессивность, лживость, высокомерие"|Шерлок Соло: тактичный и проницательный|"Не люблю, когда не понимают юмор"
"альтруизм, субъективность"|"оптимизм, тактичность, щедрость"|"пессимизм, лень, неряшливость"|Доктор Уизли: сильный и благородный|Когда постоянно критикуют
благородство|"оптимизм, тактичность, великодушие"|"упрямство, интроверсия, жадность"|Гарри Куинн: изобретательный и харизматичный|"Люди, которые постоянно критикуют"
справедливость|"оптимизм, щедрость, смелость"|"агрессивность, нерешительность, эгоизм"|Хан Ли: решительный и преданный|Сложно с товарищами с негативным настроем
терпеливость|"общительность, ответственность, спокойствие"|"высокомерие, агрессивность, импульсивность"|Лея Теннант: страстный и принципиальный|Со всеми сложно
"расчётливость, деликатность"|"ответственность, общительность, терпеливость"|"жадность, нерешительность, прагматизм"|Харли Нобл: чуткий и заботливый|Нытиками
"самостоятельность, порядочность, трусость"|"уверенность, справедливость, креативность"|"эгоизм, лживость, вспыльчивость"|Бэтмен Микеланджело: практичный и надежный|"Те, кто не понимают юмор"
"сангвиничность, тщеславие, миролюбие, оптимизм"|"уверенность, щедрость, общительность"|"нерешительность, высокомерие, агрессивность"|Сэм Беннер: изобретательный и харизматичный|Не нахожу контакта с циниками
"организованность, справедливость, агрессивность"|"целеустремлённость, уверенность, смелость"|"обидчивость, лживость, безразличие"|Кларк Тайлер: адаптивный и гибкий|Трудно с ревнивцами
"принципиальность, злопамятность, экстраверсия"|"уверенность, смелость, отзывчивость"|"педантичность, трусость, высокомерие"|Тони Смит: оптимистичный и энергичный|С занудами людьми
щедрость|"щедрость, мечтательность, эмпатия"|"обидчивость, жадность, эгоизм"|Дамблдор Аллен: романтичный и мечтательный|Молчунами - это проблема
"холеричность, уважительность"|"целеустремлённость, щедрость, жизнерадостность"|"нетерпеливость, обидчивость, упрямство"|Дамблдор Ли: спокойный и наблюдательный|Обычно это высокомерными
"порядочность, отзывчивость"|"великодушие, целеустремлённость, сдержанность"|"вспыльчивость, безразличие, нетерпеливость"|Арагорн Холмс: оптимистичный и энергичный|Не нахожу контакта с болтунами
"проницательность, надёжность, великодушие"|"креативность, сдержанность, общительность"|"обидчивость, безответственность, интроверсия"|Кларк Беннер: творческий и вдохновляющий|Не нахожу контакта с занудами
"терпеливость, жестокость"|"рассудительность, честность, общительность"|"безответственность, ветреность, агрессивность"|Шерлок Смит: настойчивый и целеустремленный|Обычно это циниками
"оптимизм, деликатность"|"общительность, тактичность, ответственность"|"грубость, ветреность, неряшливость"|Арагорн Романова: творческий и вдохновляющий|Сложно с товарищами без чувства юмора
"бесстрастность, тактичность"|"справедливость, ответственность, щедрость"|"обидчивость, высокомерие, безразличие"|Шреддер Бонд: оптимистичный и энергичный|Кто прикидываются жертвами
"скрытность, пренебрежительность, благородство, адаптивность"|"справедливость, честность, терпеливость"|"безразличие, агрессивность, раздражительность"|Спок Арбакл: адаптивный и гибкий|Циничными ко всему
"ветреность, скромность"|"честность, справедливость, общительность"|"эгоизм, высокомерие, раздражительность"|Тони Соло: оптимистичный и энергичный|"Люди, которые игнорируют факты"
"миролюбие, пластичность, доброта"|"рассудительность, ответственность, доброта"|"интроверсия, высокомерие, эгоизм"|Аквамен Смит: настойчивый и целеустремленный|Товарищами со скрытой агрессией
"чувство юмора, великодушие"|"великодушие, отзывчивость, доброта"|"нерешительность, неряшливость, трусость"|Мастер Романова: творческий и вдохновляющий|"Те, у кого с завышенным ЧСВ"
"организованность, самодостаточность, истеричность, чуткость"|"жизнерадостность, великодушие, эмпатия"|"вспыльчивость, грубость, безразличие"|Сэм Беннер: добрый и мудрый|Лицемерами персонами
"консервативность, отзывчивость, верность"|"тактичность, надёжность, терпеливость"|"грубость, безразличие, нетерпеливость"|Роза Куинн: спокойный и наблюдательный|"Те, кто переходят на личности"
"оптимизм, ответственность"|"терпеливость, великодушие, надёжность"|"пессимизм, трусость, консервативность"|Бэтмен Бонд: хитрый и находчивый|С типами без эмпатии
"гибкость, ветреность"|"эмпатия, оптимизм, терпеливость"|"зависть, агрессивность, амбициозность"|Брюс Аллен: страстный и принципиальный|Если с завышенным ЧСВ
"прямолинейность, миролюбие, доброта"|"великодушие, трудолюбие, терпеливость"|"раздражительность, лживость, неряшливость"|Черепашка Лейн: хитрый и находчивый|"Не люблю, когда не слышат других"
"педантичность, деликатность"|"доброта, надёжность, оптимизм"|"безответственность, лень, вспыльчивость"|Джон Бейн: адаптивный и гибкий|"Люди, которые не признают ошибки"
"проницательность, внимательность"|"общительность, честность, уверенность"|"упрямство, высокомерие, раздражительность"|Джеймс Женщина: храбрый и умный|Склочниками
"самодостаточность, ответственность, скромность, эгоизм"|"общительность, щедрость, трудолюбие"|"эгоизм, пессимизм, безответственность"|Рон Доу: решительный и преданный|"Не люблю, когда вечно перебивают"
"жизнерадостность, справедливость, неряшливость"|"жизнерадостность, доброта, смелость"|"раздражительность, неряшливость, высокомерие"|Гендальф Беннер: храбрый и умный|Высокомерными личностями
"меланхоличность, зависть, доброта"|"доброта, креативность, честность"|"агрессивность, высокомерие, раздражительность"|Харли Старк: страстный и принципиальный|Ханжами товарищами
"гибкость, рефлексивность, зависть, жизнерадостность"|"справедливость, доброта, терпеливость"|"вспыльчивость, агрессивность, прагматизм"|Дамблдор Кurry: чуткий и заботливый|Излишне самоуверенными персонами
"практичность, гибкость, честность"|"щедрость, терпеливость, трудолюбие"|"зависть, обидчивость, пессимизм"|Доктор Доу: хитрый и находчивый|"Не люблю, когда проецируют свои проблемы"
"уважительность, вспыльчивость"|"терпеливость, щедрость, отзывчивость"|"раздражительность, обидчивость, нерешительность"|Аквамен Кurry: страстный и принципиальный|Чаще всего это персонами
"скромность, непринуждённость, доброта"|"отзывчивость, трудолюбие, скромность"|"жадность, безразличие, грубость"|Джеймс Аллен: тактичный и проницательный|Трудно с пассивно-агрессивными
"меланхоличность, стрессоустойчивость"|"скромность, трудолюбие, ответственность"|"лень, раздражительность, нерешительность"|Донна Соло: спокойный и наблюдательный|Циниками
"доброта, лживость, ответственность"|"эмпатия, справедливость, трудолюбие"|"раздражительность, лживость, лень"|Фродо Арбакл: настойчивый и целеустремленный|Кто проецируют свои проблемы
"тактичность, чуткость"|"смелость, эмпатия, надёжность"|"агрессивность, лень, вспыльчивость"|Бэтмен Романова: веселый и остроумный|Лицемерами
"ответственность, принципиальность"|"ответственность, жизнерадостность, общительность"|"безразличие, нетерпеливость, агрессивность"|Джон Смит: адаптивный и гибкий|Сложно с типами с узким кругозором
"адаптивность, истеричность, любопытство"|"уверенность, честность, оптимизм"|"раздражительность, упрямство, прагматизм"|Хан Арбакл: альтруистичный и самоотверженный|С эмоционально закрытыми товарищами
"альтруизм, назойливость, доброта"|"креативность, целеустремлённость, честность"|"высокомерие, прагматизм, трусость"|Доктор Кент: романтичный и мечтательный|Обычно это спорщиками
"агрессивность, скромность, пластичность, верность"|"великодушие, креативность, аналитичность"|"нетерпеливость, упрямство, обидчивость"|Стив Арбакл: чуткий и заботливый|Сложно с персонами с узким кругозором
"эгоизм, верность"|"трудолюбие, прагматизм, креативность"|"интроверсия, трусость, обидчивость"|Дарси Нобл: загадочный и глубокий|Трудно с циниками
"чуткость, высокомерие, скрытность"|"терпеливость, смелость, доброта"|"упрямство, лень, грубость"|Джокер Беннер: чуткий и заботливый|Трудно с педантами
"искренность, осторожность, злопамятность"|"мечтательность, целеустремлённость, честность"|"нетерпеливость, лживость, упрямство"|Мастер Поттер: альтруистичный и самоотверженный|Если человек воспринимают всё близко к сердцу
чуткость|"отзывчивость, эмпатия, жизнерадостность"|"жадность, неряшливость, упрямство"|Брюс Оди: страстный и принципиальный|С грубиянами типами
"надёжность, болтливость, прямолинейность, тактичность"|"жизнерадостность, великодушие, отзывчивость"|"грубость, эгоизм, нерешительность"|Джокер Уотсон: изобретательный и харизматичный|"Те, кто воспринимают всё близко к сердцу"
"рассудительность, отзывчивость, интроверсия"|"скромность, жизнерадостность, общительность"|"безответственность, пессимизм, неряшливость"|Гарри Скайуокер: изобретательный и харизматичный|"Те, кто перекручивают слова"
"гибкость, искренность"|"надёжность, смелость, эмпатия"|"ранимость, лень, нерешительность"|Брюс Оди: альтруистичный и самоотверженный|Когда не уважают чужое мнение
"уважительность, грубость"|"эмпатия, великодушие, оптимизм"|"лень, пессимизм, нерешительность"|Фродо Соло: творческий и вдохновляющий|Сложно с товарищами с завышенным ЧСВ
"самодостаточность, трусость, терпеливость"|"ответственность, отзывчивость, честность"|"мечтательность, безразличие, вспыльчивость"|Сэм Кент: адаптивный и гибкий|Если с комплексом превосходства
"доброта, щедрость, основательность"|"великодушие, жизнерадостность, эмпатия"|"лживость, высокомерие, зависть"|Лоис Грейнджер: романтичный и мечтательный|Со всеми просто и легко
"смелость, харизматичность"|"ответственность, общительность, амбициозность"|"безразличие, безответственность, трусость"|Арагорн Смит: сильный и благородный|Если человек делают поспешные выводы
"недисциплинированность, жизнерадостность, трудолюбие"|"целеустремлённость, справедливость, оптимизм"|"упрямство, зависть, нетерпеливость"|Лоис Оди: загадочный и глубокий|Эмоционально закрытыми
"манипулятивность, интроверсия, терпеливость"|"щедрость, отзывчивость, эмпатия"|"упрямство, эгоизм, вспыльчивость"|Харли Женщина: настойчивый и целеустремленный|Кто вечно перебивают
"апатичность, вдохновлённость, меланхоличность"|"отзывчивость, великодушие, справедливость"|"агрессивность, упрямство, ветреность"|Шреддер Микеланджело: творческий и вдохновляющий|Эмоционально закрытыми личностями
"наблюдательность, манипулятивность, доброта"|"справедливость, терпеливость, мечтательность"|"эгоизм, безответственность, обидчивость"|Дамблдор Грейнджер: альтруистичный и самоотверженный|"Личностями, которые читают нотации"
"экстраверсия, эмпатия"|"уверенность, общительность, щедрость"|"зависть, эгоизм, раздражительность"|Чудо Доу: оптимистичный и энергичный|Обычно это нарциссами
"уверенность, надменность, вдумчивость"|"отзывчивость, великодушие, уверенность"|"зависть, жадность, лживость"|Стив Беннер: решительный и преданный|Индивидами с узким кругозором
"трудолюбие, щедрость"|"общительность, трудолюбие, эмпатия"|"эгоизм, неряшливость, безответственность"|Гермиона Уотсон: добрый и мудрый|Обычно это скептиками
искренность|"тактичность, эмпатия, великодушие"|"зависть, упрямство, жадность"|Харли Соло: настойчивый и целеустремленный|"Типами, которые преувеличивают проблемы"
"доброта, адаптивность"|"общительность, тактичность, эмпатия"|"лживость, ветреность, безразличие"|Джокер Ли: изобретательный и харизматичный|"Типами, которые делают поспешные выводы"
"справедливость, деликатность, бесстрастность"|"доброта, честность, мечтательность"|"трусость, безответственность, зависть"|Бэтмен Кurry: чуткий и заботливый|"Людьми, которые игнорируют факты"
"великодушие, дисциплинированность, независимость"|"щедрость, отзывчивость, прагматизм"|"вспыльчивость, нерешительность, лживость"|Гендальф Нобл: настойчивый и целеустремленный|Когда читают нотации
"верность, высокомерие"|"справедливость, надёжность, амбициозность"|"зависть, пессимизм, вспыльчивость"|Бэтмен Беннер: адаптивный и гибкий|Сложно с товарищами без эмпатии
"конфликтность, рассудительность"|"аналитичность, смелость, ответственность"|"вспыльчивость, высокомерие, упрямство"|Брюс Женщина: веселый и остроумный|Высокомерными - это проблема
"решительность, нейтралитет, злопамятность, скромность"|"смелость, трудолюбие, щедрость"|"грубость, обидчивость, высокомерие"|Мастер Снейп: веселый и остроумный|Когда не слышат других
"чувство юмора, эгоизм, независимость"|"уверенность, доброта, целеустремлённость"|"безразличие, агрессивность, зависть"|Хан Бонд: страстный и принципиальный|С индивидами со скрытой агрессией
"скромность, общительность"|"смелость, жизнерадостность, прагматизм"|"мечтательность, упрямство, безразличие"|Тони Куинн: добрый и мудрый|"Персонами, которые проецируют свои проблемы"
деликатность|"уверенность, эмпатия, целеустремлённость"|"импульсивность, неряшливость, лень"|Шреддер Снейп: добрый и мудрый|Типами с кучей предрассудков
"проницательность, мудрость, серьёзность"|"целеустремлённость, терпеливость, эмпатия"|"жадность, обидчивость, нерешительность"|Джокер Роджерс: добрый и мудрый|Людьми с комплексом превосходства
"аналитичность, организованность"|"надёжность, скромность, ответственность"|"жадность, зависть, импульсивность"|Рон Женщина: альтруистичный и самоотверженный|Если человек говорят только о себе
жизнерадостность|"щедрость, уверенность, доброта"|"амбициозность, агрессивность, раздражительность"|Гимли Женщина: настойчивый и целеустремленный|Если человек ищут повод для спора
"вдохновлённость, самостоятельность"|"тактичность, великодушие, трудолюбие"|"раздражительность, нетерпеливость, пессимизм"|Аквамен Снейп: альтруистичный и самоотверженный|"Не люблю, когда ведут себя снисходительно"
ответственность|"эмпатия, великодушие, целеустремлённость"|"раздражительность, грубость, жадность"|Гермиона Кент: элегантный и утонченный|Не нахожу контакта с манипуляторами
"осторожность, небрежность, оптимизм"|"оптимизм, великодушие, терпеливость"|"консервативность, высокомерие, лживость"|Шреддер Тайлер: решительный и преданный|С болтунами персонами
"дисциплинированность, внимательность"|"уверенность, общительность, щедрость"|"безразличие, агрессивность, эгоизм"|Брюс Холмс: страстный и принципиальный|Грубиянами
"деспотичность, наблюдательность, стрессоустойчивость"|"щедрость, целеустремлённость, терпеливость"|"эгоизм, упрямство, безответственность"|Леголас Грейнджер: страстный и принципиальный|Склочниками личностями
ответственность|"отзывчивость, смелость, оптимизм"|"лживость, трусость, зависть"|Джеймс Кент: адаптивный и гибкий|Персонами с негативным настроем
"рассудительность, адаптивность, упрямство"|"эмпатия, справедливость, общительность"|"нетерпеливость, безответственность, раздражительность"|Гендальф Микеланджело: хитрый и находчивый|Пессимистами - это проблема
"щедрость, деликатность"|"экстраверсия, общительность, ответственность"|"обидчивость, нетерпеливость, лживость"|Брюс Грейнджер: элегантный и утонченный|Высокомерными людьми
оптимизм|"щедрость, смелость, мечтательность"|"обидчивость, нетерпеливость, агрессивность"|Джон Вейн: творческий и вдохновляющий|"Не люблю, когда ищут повод для спора"
"трудолюбие, ответственность"|"великодушие, ответственность, справедливость"|"пессимизм, нетерпеливость, жадность"|Спок Поттер: чуткий и заботливый|Сложно с типами с негативным настроем
"терпеливость, щедрость"|"честность, ответственность, доброта"|"трусость, раздражительность, высокомерие"|Мастер Оди: романтичный и мечтательный|"Те, кто ведут себя высокомерно"
"самообладание, вдохновлённость"|"честность, надёжность, тактичность"|"зависть, вспыльчивость, грубость"|Хан Теннант: сильный и благородный|"Люди, которые смотрят свысока"
"самостоятельность, аккуратность"|"креативность, жизнерадостность, щедрость"|"педантичность, безразличие, лень"|Аквамен Ли: оптимистичный и энергичный|Сложно с товарищами с узким кругозором
"субъективность, лицемерие, верность"|"скромность, надёжность, смелость"|"нерешительность, жадность, безответственность"|Рон Грейнджер: храбрый и умный|С лицемерами типами
"азартность, нетерпеливость, гуманность"|"отзывчивость, надёжность, общительность"|"импульсивность, безразличие, пессимизм"|Харли Скайуокер: альтруистичный и самоотверженный|Сложно с личностями со стереотипным мышлением
рассудительность|"оптимизм, щедрость, надёжность"|"обидчивость, трусость, нерешительность"|Сэм Аллен: изобретательный и харизматичный|Людьми со скрытой агрессией
"щедрость, ответственность"|"уверенность, великодушие, щедрость"|"нерешительность, жадность, обидчивость"|Гендальф Ли: решительный и преданный|"Те, кто которые все знают лучше"
"оптимизм, гуманность, зависть"|"эмпатия, справедливость, тактичность"|"вспыльчивость, безответственность, трусость"|Роза Оди: изобретательный и харизматичный|Обычно это грубиянами
"организованность, дисциплинированность, осторожность, жестокость"|"сдержанность, смелость, креативность"|"лживость, жадность, безответственность"|Элизабет Доу: романтичный и мечтательный|Типами с предвзятым отношением
"организованность, терпеливость, независимость"|"смелость, терпеливость, креативность"|"раздражительность, лживость, безответственность"|Лоис Уотсон: страстный и принципиальный|С занудами товарищами
"необязательность, смелость"|"креативность, отзывчивость, честность"|"ветреность, лживость, обидчивость"|Фродо Уизли: чуткий и заботливый|Склочниками
смелость|"честность, общительность, спокойствие"|"эгоизм, жадность, нерешительность"|Харли Женщина: оптимистичный и энергичный|Не могу общаться с людьми вообще
"жадность, оптимизм, гибкость"|"тактичность, целеустремлённость, ответственность"|"эгоизм, ветреность, высокомерие"|Брюс Поттер: храбрый и умный|Сложно с индивидами со стереотипным мышлением
"отзывчивость, вспыльчивость"|"щедрость, честность, надёжность"|"нетерпеливость, лживость, нерешительность"|Гермиона Микеланджело: спокойный и наблюдательный|Трудно с болтунами
"адаптивность, эмпатия, скрытность, подозрительность"|"тактичность, эмпатия, честность"|"нерешительность, лень, жадность"|Хан Доу: альтруистичный и самоотверженный|Чаще всего это собеседниками
"высокомерие, трудолюбие"|"великодушие, тактичность, справедливость"|"лень, зависть, скрытность"|Фродо Кент: настойчивый и целеустремленный|"Не люблю, когда переходят на личности"
"доброта, независимость"|"целеустремлённость, оптимизм, надёжность"|"безответственность, пессимизм, эгоизм"|Лоис Нобл: хитрый и находчивый|"Не люблю, когда делают поспешные выводы"
"порядочность, отзывчивость"|"оптимизм, целеустремлённость, тактичность"|"нерешительность, раздражительность, нетерпеливость"|Фродо Романова: настойчивый и целеустремленный|Личностями без эмпатии
"уверенность, альтруизм, лживость"|"оптимизм, отзывчивость, прагматизм"|"обидчивость, нетерпеливость, трусость"|Мастер Доу: романтичный и мечтательный|Если со стереотипным мышлением
"креативность, ответственность, ригидность"|"общительность, надёжность, уверенность"|"лень, эгоизм, зависть"|Шреддер Ли: спокойный и наблюдательный|С лицемерами персонами
"трудолюбие, внимательность"|"скромность, общительность, смелость"|"безразличие, агрессивность, нерешительность"|Лея Вейн: настойчивый и целеустремленный|Кто давят на жалость
"вдохновлённость, порядочность"|"оптимизм, щедрость, тактичность"|"нетерпеливость, эгоизм, амбициозность"|Арагорн Вейн: практичный и надежный|Лентяями людьми
"необязательность, доброта, импозантность"|"прагматизм, уверенность, честность"|"агрессивность, ветреность, прямолинейность"|Черепашка Роджерс: спокойный и наблюдательный|Импульсивными индивидами
"деспотичность, целеустремлённость"|"трудолюбие, честность, эмпатия"|"вспыльчивость, раздражительность, высокомерие"|Гендальф Бонд: творческий и вдохновляющий|Слишком серьезными личностями
"оптимизм, нетерпеливость, мечтательность"|"жизнерадостность, честность, эмпатия"|"агрессивность, неряшливость, высокомерие"|Харли Арбакл: добрый и мудрый|Если человек ведут себя снисходительно
"целеустремлённость, отзывчивость"|"общительность, справедливость, честность"|"нетерпеливость, лживость, ветреность"|Джон Романова: чуткий и заботливый|С людьми с кучей предрассудков
"консервативность, скромность"|"скромность, эмпатия, честность"|"нерешительность, неряшливость, жадность"|Дарси Роджерс: решительный и преданный|С индивидами с узким кругозором
"порядочность, фанатизм"|"скромность, целеустремлённость, щедрость"|"лень, мечтательность, ветреность"|Стив Арбакл: романтичный и мечтательный|"Те, кто делают поспешные выводы"
доброта|"уверенность, терпеливость, ответственность"|"ветреность, неряшливость, лживость"|Лея Роджерс: чуткий и заботливый|Товарищами без чувства юмора
"ответственность, болтливость"|"ответственность, общительность, оптимизм"|"вспыльчивость, лживость, грубость"|Джокер Романова: практичный и надежный|Сложно с типами без эмпатии
самообладание|"великодушие, надёжность, креативность"|"раздражительность, пессимизм, лживость"|Кларк Уизли: хитрый и находчивый|"Индивидами, которые не умеют слушать"
"впечатлительность, трудолюбие, оптимизм, агрессивность"|"креативность, трудолюбие, надёжность"|"упрямство, лень, неряшливость"|Лея Бонд: альтруистичный и самоотверженный|Если человек постоянно критикуют
"прямолинейность, обаятельность, трудолюбие"|"ответственность, доброта, смелость"|"неряшливость, зависть, жадность"|Джеймс Романова: загадочный и глубокий|"Не люблю, когда говорят только о себе"
"чуткость, искренность, нетерпеливость"|"эмпатия, оптимизм, щедрость"|"ветреность, обидчивость, нерешительность"|Наташа Лейн: адаптивный и гибкий|"Люди, которые не слышат других"
"решительность, жизнерадостность, холеричность"|"креативность, справедливость, тактичность"|"лживость, грубость, жадность"|Шреддер Кurry: элегантный и утонченный|"Люди, которые навязывают свою помощь"
"дисциплинированность, тактичность, склочность, впечатлительность"|"отзывчивость, оптимизм, мечтательность"|"нетерпеливость, упрямство, эгоизм"|Роза Холмс: загадочный и глубокий|Не нахожу контакта с молчунами
"вспыльчивость, альтруизм, принципиальность"|"уверенность, ответственность, честность"|"безразличие, безответственность, пессимизм"|Сэм Аллен: веселый и остроумный|Трудно с эмоционально закрытыми
"нерешительность, искренность, скрытность, оптимизм"|"справедливость, жизнерадостность, интроверсия"|"нерешительность, лживость, нетерпеливость"|Бэтмен Оди: адаптивный и гибкий|Кто воспринимают всё близко к сердцу
"любознательность, креативность"|"честность, целеустремлённость, справедливость"|"безразличие, нерешительность, мечтательность"|Шерлок Кurry: веселый и остроумный|Обычно это педантами
"амбициозность, лицемерие, ответственность"|"оптимизм, жизнерадостность, трудолюбие"|"лень, нерешительность, зависть"|Арагорн Нобл: настойчивый и целеустремленный|Кто преувеличивают проблемы
"неуверенность, эмпатия, консервативность, решительность"|"тактичность, доброта, целеустремлённость"|"безответственность, грубость, лень"|Чудо Роджерс: элегантный и утонченный|Со скрытой агрессией
"терпеливость, деспотичность"|"ответственность, смелость, отзывчивость"|"неряшливость, безответственность, безразличие"|Наташа Теннант: решительный и преданный|С персонами с узким кругозором
"уважительность, эмпатия"|"целеустремлённость, щедрость, тактичность"|"зависть, раздражительность, пессимизм"|Наташа Соло: спокойный и наблюдательный|Если человек читают нотации
"назойливость, отзывчивость"|"доброта, щедрость, жизнерадостность"|"вспыльчивость, раздражительность, нетерпеливость"|Лея Куинн: храбрый и умный|Чаще всего это типами
"осторожность, эмпатия"|"целеустремлённость, тактичность, честность"|"пессимизм, обидчивость, упрямство"|Наташа Женщина: альтруистичный и самоотверженный|Сложно с людьми с предвзятым отношением
ответственность|"оптимизм, тактичность, терпеливость"|"эгоизм, ветреность, грубость"|Мастер Лейн: изобретательный и харизматичный|Лицемерами людьми
"чёрствость, самостоятельность, миролюбие"|"щедрость, жизнерадостность, отзывчивость"|"раздражительность, грубость, безответственность"|Тони Теннант: тактичный и проницательный|Обычно это занудами
"гибкость, мечтательность, верность"|"экстраверсия, тактичность, креативность"|"безответственность, пессимизм, нетерпеливость"|Хан Грейнджер: чуткий и заботливый|Сложно с персонами с завышенным ЧСВ
"сдержанность, щедрость"|"честность, оптимизм, смелость"|"нетерпеливость, лживость, безразличие"|Джон Старк: изобретательный и харизматичный|Вечно недовольными товарищами
"искренность, деликатность"|"жизнерадостность, отзывчивость, честность"|"грубость, жадность, упрямство"|Черепашка Скайуокер: романтичный и мечтательный|Импульсивными - это проблема
"практичность, мудрость"|"доброта, ответственность, надёжность"|"раздражительность, агрессивность, трусость"|Чудо Куинн: хитрый и находчивый|Неуверенными в себе
"смелость, жестокость, наблюдательность"|"скромность, амбициозность, доброта"|"лживость, пессимизм, высокомерие"|Мастер Грейнджер: загадочный и глубокий|Обычно это упрямыми как осел
"вдохновлённость, индифферентность, лицемерие"|"жизнерадостность, смелость, амбициозность"|"зависть, лень, упрямство"|Люк Лейн: чуткий и заботливый|Пассивно-агрессивными
"доброта, честность"|"отзывчивость, тактичность, жизнерадостность"|"эгоизм, безразличие, агрессивность"|Тони Беннер: чуткий и заботливый|Индивидами с кучей предрассудков
"трудолюбие, доброта, деспотичность"|"честность, креативность, педантичность"|"нерешительность, вспыльчивость, безответственность"|Джокер Соло: романтичный и мечтательный|Обычно это пассивно-агрессивными
"ответственность, трудолюбие, необязательность"|"справедливость, честность, целеустремлённость"|"раздражительность, нетерпеливость, агрессивность"|Дамблдор Оди: практичный и надежный|Постоянно жалующимися типами
"жизнерадостность, мудрость, назойливость"|"доброта, педантичность, справедливость"|"лживость, грубость, пессимизм"|Наташа Холмс: чуткий и заботливый|С высокомерными типами
"серьёзность, искренность, мудрость"|"справедливость, доброта, терпеливость"|"обидчивость, раздражительность, лень"|Хан Нобл: спокойный и наблюдательный|"Собеседниками, которые не слышат других"
"великодушие, доброта, осторожность"|"терпеливость, скромность, доброта"|"нерешительность, ветреность, раздражительность"|Роза Бонд: хитрый и находчивый|Трудно с импульсивными
"оптимизм, чуткость"|"щедрость, смелость, надёжность"|"высокомерие, грубость, вспыльчивость"|Хан Вейн: творческий и вдохновляющий|С персонами со стереотипным мышлением
"креативность, ответственность"|"надёжность, уверенность, жизнерадостность"|"обидчивость, эгоизм, неряшливость"|Мастер Бейн: загадочный и глубокий|Трудно с склочниками
"грубость, отзывчивость, любопытство"|"педантичность, надёжность, жизнерадостность"|"ветреность, грубость, вспыльчивость"|Роза Грейнджер: решительный и преданный|Кто делают поспешные выводы
"непринуждённость, небрежность, терпеливость"|"жизнерадостность, надёжность, великодушие"|"лживость, агрессивность, ветреность"|Стив Бонд: хитрый и находчивый|Скептиками
"благородство, гибкость"|"общительность, ответственность, жизнерадостность"|"упрямство, пессимизм, нетерпеливость"|Арагорн Смит: изобретательный и харизматичный|"Типами, которые приписывают плохие мотивы"
"терпеливость, фанатизм"|"доброта, ответственность, целеустремлённость"|"прямолинейность, ветреность, нерешительность"|Бэтмен Кент: творческий и вдохновляющий|"Личностями, которые проецируют свои проблемы"
"дисциплинированность, молчаливость"|"доброта, уверенность, справедливость"|"нерешительность, ветреность, вспыльчивость"|Мастер Поттер: настойчивый и целеустремленный|Сложно с товарищами со стереотипным мышлением
"чувство юмора, справедливость, пессимизм"|"терпеливость, общительность, доброта"|"эгоизм, лень, жадность"|Спок Кurry: оптимистичный и энергичный|С индивидами с негативным настроем
щедрость|"целеустремлённость, эмпатия, жизнерадостность"|"высокомерие, жадность, лень"|Шреддер Женщина: тактичный и проницательный|Трудно с лицемерами
"общительность, мечтательность"|"целеустремлённость, честность, сдержанность"|"грубость, неряшливость, ветреность"|Наташа Холмс: добрый и мудрый|"Личностями, которые игнорируют факты"
"безответственность, альтруизм, самодостаточность, честность"|"трудолюбие, терпеливость, скромность"|"прямолинейность, неряшливость, безответственность"|Дарси Аллен: чуткий и заботливый|С нарциссами собеседниками
целеустремлённость|"креативность, смелость, общительность"|"безответственность, неряшливость, высокомерие"|Донна Снейп: адаптивный и гибкий|"Не люблю, когда обобщают негатив"
"ригидность, эгоизм, харизматичность, честность"|"эмпатия, уверенность, общительность"|"пессимизм, безответственность, неряшливость"|Аквамен Доу: загадочный и глубокий|Когда игнорируют личные границы
"амбициозность, альтруизм"|"оптимизм, эмпатия, надёжность"|"высокомерие, нерешительность, трусость"|Леголас Беннер: загадочный и глубокий|"Не люблю, когда ведут себя высокомерно"
"молчаливость, манипулятивность, общительность"|"жизнерадостность, уверенность, великодушие"|"нетерпеливость, раздражительность, грубость"|Элизабет Кurry: храбрый и умный|Импульсивными
"субъективность, манипулятивность, надёжность, верность"|"оптимизм, скромность, честность"|"неряшливость, нетерпеливость, высокомерие"|Донна Снейп: добрый и мудрый|"Да нормально со всеми я общаюсь, че привязались то"
"доброта, грубость, независимость"|"оптимизм, надёжность, трудолюбие"|"безответственность, вспыльчивость, консервативность"|Леголас Куинн: тактичный и проницательный|Каждый человек интересен по-своему
"аккуратность, проницательность"|"честность, уверенность, оптимизм"|"обидчивость, раздражительность, неряшливость"|Бэтмен Грейнджер: тактичный и проницательный|"Для меня нет сложных людей, есть неготовые к диалогу"
"независимость, тактичность, занудство"|"оптимизм, жизнерадостность, надёжность"|"безразличие, неряшливость, вспыльчивость"|Леголас Холмс: оптимистичный и энергичный|Не припомню таких ситуаций
"мудрость, холеричность, уважительность"|"амбициозность, целеустремлённость, общительность"|"упрямство, неряшливость, мечтательность"|Гендальф Аллен: сильный и благородный|Все люди по-своему интересны
"грубость, великодушие, стрессоустойчивость, неприметность"|"надёжность, уверенность, оптимизм"|"нетерпеливость, обидчивость, высокомерие"|Сэм Оди: страстный и принципиальный|"Все зависит от ситуации, а не от типа людей"
справедливость|"амбициозность, терпеливость, ответственность"|"нерешительность, трусость, скрытность"|Джон Вейн: чуткий и заботливый|Я коммуникабельный человек
"эмпатия, альтруизм"|"экстраверсия, отзывчивость, щедрость"|"эгоизм, ветреность, лживость"|Флэш Романова: творческий и вдохновляющий|"Затрудняюсь ответить, вроде со всеми нормально"
"целеустремлённость, осторожность"|"доброта, целеустремлённость, эмпатия"|"лживость, агрессивность, эгоизм"|Леголас Женщина: альтруистичный и самоотверженный|Мне со всеми легко общаться
доброта|"целеустремлённость, тактичность, терпеливость"|"лживость, агрессивность, прагматизм"|Наташа Романова: оптимистичный и энергичный|Нет таких категорий людей
"доброта, стрессоустойчивость, болтливость, сдержанность"|"эмпатия, уверенность, смелость"|"лживость, лень, жадность"|Бэтмен Теннант: хитрый и находчивый|Мне легко адаптироваться к разным людям
"чуткость, благородство, импозантность"|"уверенность, скромность, щедрость"|"пессимизм, жадность, лень"|Роза Романова: элегантный и утонченный|Не замечал подобных трудностей
"спокойствие, доброта"|"трудолюбие, отзывчивость, педантичность"|"трусость, эгоизм, скрытность"|Фродо Грейнджер: спокойный и наблюдательный|Мне просто общаться с разными типами людей
"зависть, доброта"|"креативность, терпеливость, смелость"|"высокомерие, раздражительность, жадность"|Брюс Смит: спокойный и наблюдательный|Я умею находить подход к людям
принципиальность|"великодушие, скромность, креативность"|"упрямство, жадность, раздражительность"|Спок Ли: изобретательный и харизматичный|Я со всеми нахожу общий язык
"миролюбие, эгоизм, рассудительность"|"ответственность, уверенность, прагматизм"|"жадность, безответственность, высокомерие"|Джон Оди: храбрый и умный|Особых сложностей нет
"экстраверсия, проницательность"|"честность, великодушие, общительность"|"жадность, агрессивность, лень"|Стив Доу: страстный и принципиальный|Ни с кем особых проблем не испытываю
"верность, агрессивность"|"честность, тактичность, целеустремлённость"|"обидчивость, упрямство, нетерпеливость"|Харли Снейп: добрый и мудрый|"С людьми, которые говорят шёпотом в обычной беседе"
"эмпатия, упрямство, основательность"|"оптимизм, экстраверсия, общительность"|"лживость, агрессивность, трусость"|Харли Микеланджело: альтруистичный и самоотверженный|"С теми, кто всегда спрашивает 'как дела?' но не слушает ответ"
"упрямство, дисциплинированность"|"терпеливость, эмпатия, жизнерадостность"|"безразличие, безответственность, лживость"|Гарфилд Кurry: страстный и принципиальный|С любителями говорить 'нет слов'
"мудрость, обаятельность"|"сдержанность, великодушие, ответственность"|"пессимизм, нетерпеливость, зависть"|Черепашка Тайлер: адаптивный и гибкий|"С теми, кто говорит 'я же говорил'"
"индифферентность, деликатность, адаптивность"|"ответственность, надёжность, великодушие"|"упрямство, эгоизм, раздражительность"|Джеймс Арбакл: изобретательный и харизматичный|"С людьми, которые называют еду 'нямкой'"
"жизнерадостность, цинизм, амбициозность"|"великодушие, оптимизм, общительность"|"безответственность, ветреность, обидчивость"|Стив Грейнджер: хитрый и находчивый|"С теми, кто громко жуёт"
"скрытность, щедрость"|"смелость, эмпатия, общительность"|"упрямство, высокомерие, грубость"|Гарфилд Грейнджер: творческий и вдохновляющий|"С фанатиками ЗОЖ, которые всех поучают"
"благородство, жизнерадостность"|"честность, рассудительность, ответственность"|"обидчивость, агрессивность, мечтательность"|Шреддер Роджерс: элегантный и утонченный|"С людьми, постоянно использующими англицизмы"
"терпеливость, уважительность, тщеславие"|"честность, скромность, креативность"|"жадность, пессимизм, безответственность"|Рон Скайуокер: веселый и остроумный|С любителями обсуждать погоду
"фанатизм, отзывчивость, деликатность"|"надёжность, креативность, щедрость"|"безответственность, грубость, агрессивность"|Хан Женщина: творческий и вдохновляющий|"С людьми, которые смеются над своими шутками"
великодушие|"смелость, общительность, тактичность"|"нетерпеливость, ветреность, амбициозность"|Гарри Доу: оптимистичный и энергичный|"С теми, кто постоянно переспрашивает 'что?'"
"фанатизм, деликатность, сангвиничность"|"мечтательность, тактичность, общительность"|"жадность, агрессивность, упрямство"|Гендальф Микеланджело: загадочный и глубокий|"С теми, кто верит в плоскую Землю"
"великодушие, альтруизм"|"целеустремлённость, щедрость, жизнерадостность"|"жадность, лживость, пессимизм"|Лея Вейн: решительный и преданный|"С людьми, которые называют котиков 'кисюнями'"
"щедрость, неряшливость, оптимизм"|"жизнерадостность, щедрость, мечтательность"|"агрессивность, высокомерие, лень"|Черепашка Оди: элегантный и утонченный|"С теми, кто ставит смайлики в деловых письмах"
"уравновешенность, смелость"|"сдержанность, честность, смелость"|"трусость, жадность, эгоизм"|Шерлок Бонд: творческий и вдохновляющий|Нарциссами
"справедливость, верность, жадность"|"креативность, уверенность, эмпатия"|"безразличие, высокомерие, нетерпеливость"|Шреддер Холмс: страстный и принципиальный|Навязывают свою помощь
"мстительность, уравновешенность, справедливость"|"доброта, трудолюбие, целеустремлённость"|"раздражительность, неряшливость, прагматизм"|Джон Снейп: сильный и благородный|Собеседниками
"методичность, эмпатия"|"щедрость, уверенность, эмпатия"|"агрессивность, ветреность, педантичность"|Джеймс Смит: изобретательный и харизматичный|Со стереотипным мышлением
"целеустремлённость, чуткость, трусость"|"уверенность, щедрость, общительность"|"нетерпеливость, упрямство, мечтательность"|Северус Снейп: настойчивый и целеустремленный|Типами
"скромность, независимость"|"трудолюбие, честность, уверенность"|"высокомерие, нерешительность, мечтательность"|Брюс Грейнджер: оптимистичный и энергичный|С завышенным ЧСВ
"уверенность, скрытность, ответственность"|"оптимизм, щедрость, целеустремлённость"|"лживость, нерешительность, трусость"|Леголас Соло: решительный и преданный|С комплексом превосходства
"импозантность, деспотичность, великодушие"|"щедрость, трудолюбие, тактичность"|"безразличие, скрытность, лживость"|Роза Смит: изобретательный и харизматичный|Излишне самоуверенными
"трудолюбие, честность"|"уверенность, отзывчивость, рассудительность"|"прагматизм, нерешительность, высокомерие"|Гендальф Доу: творческий и вдохновляющий|Игнорируют факты
"импозантность, общительность, решительность, эгоизм"|"терпеливость, ответственность, креативность"|"жадность, нерешительность, безответственность"|Гендальф Теннант: тактичный и проницательный|Без чувства юмора
"уверенность, индифферентность"|"креативность, ответственность, тактичность"|"жадность, нетерпеливость, раздражительность"|Лоис Доу: решительный и преданный|Читают нотации
"задумчивость, гуманность"|"трудолюбие, креативность, надёжность"|"лень, зависть, грубость"|Люк Беннер: тактичный и проницательный|С предвзятым отношением
"креативность, пассивность, интроверсия"|"эмпатия, жизнерадостность, щедрость"|"трусость, лживость, ветреность"|Дарси Старк: хитрый и находчивый|Не признают ошибки
"серьёзность, верность, великодушие"|"справедливость, отзывчивость, интроверсия"|"ранимость, пессимизм, высокомерие"|Гарри Ли: хитрый и находчивый|Пассивно-агрессивными
"смелость, необязательность, импозантность"|"справедливость, отзывчивость, креативность"|"агрессивность, жадность, трусость"|Гимли Аллен: практичный и надежный|Персонами
"зависть, креативность, стрессоустойчивость"|"креативность, жизнерадостность, интроверсия"|"жадность, неряшливость, грубость"|Шерлок Теннант: настойчивый и целеустремленный|Индивидами
"настойчивость, скромность, педантичность"|"жизнерадостность, креативность, тактичность"|"раздражительность, упрямство, лень"|Хан Кент: добрый и мудрый|Постоянно критикуют
"мстительность, обаятельность"|"терпеливость, уверенность, педантичность"|"эгоизм, неряшливость, безразличие"|Гимли Доу: романтичный и мечтательный|Агрессивными
"самодостаточность, уважительность, справедливость"|"общительность, терпеливость, уверенность"|"раздражительность, агрессивность, ветреность"|Кларк Беннер: спокойный и наблюдательный|Склочниками
"общительность, субъективность, доброта"|"оптимизм, целеустремлённость, трудолюбие"|"агрессивность, обидчивость, грубость"|Шреддер Роджерс: храбрый и умный|Вечно недовольными
"надёжность, честность"|"общительность, оптимизм, трудолюбие"|"грубость, раздражительность, консервативность"|Джон Снейп: сильный и благородный|Со скрытой агрессией
"трусость, альтруизм, экстраверсия"|"доброта, уверенность, целеустремлённость"|"ветреность, раздражительность, нетерпеливость"|Тони Вейн: спокойный и наблюдательный|С негативным настроем
"доброта, честность"|"общительность, смелость, скромность"|"нетерпеливость, грубость, жадность"|Элизабет Смит: спокойный и наблюдательный|Постоянно жалующимися
"зависть, верность"|"терпеливость, оптимизм, общительность"|"безответственность, лживость, высокомерие"|Джеймс Тайлер: чуткий и заботливый|Товарищами
"жизнерадостность, трудолюбие"|"ответственность, скромность, трудолюбие"|"лень, грубость, высокомерие"|Гарфилд Старк: тактичный и проницательный|Вечно перебивают
"общительность, эгоизм, ригидность"|"эмпатия, надёжность, общительность"|"обидчивость, агрессивность, консервативность"|Донна Доу: храбрый и умный|Перекручивают слова
"щедрость, великодушие, необязательность, импозантность"|"справедливость, общительность, терпеливость"|"агрессивность, зависть, обидчивость"|Гендальф Грейнджер: тактичный и проницательный|Нытиками
"надёжность, сдержанность"|"жизнерадостность, терпеливость, честность"|"агрессивность, зависть, грубость"|Гарри Грейнджер: страстный и принципиальный|Давят на жалость
"ригидность, уважительность"|"честность, тактичность, ответственность"|"эгоизм, нетерпеливость, грубость"|Джон Тайлер: альтруистичный и самоотверженный|Говорят только о себе
"азартность, вспыльчивость, принципиальность, харизматичность"|"общительность, креативность, доброта"|"зависть, вспыльчивость, неряшливость"|Донна Поттер: практичный и надежный|Не уважают чужое мнение
"зависть, тактичность, надёжность"|"оптимизм, тактичность, смелость"|"агрессивность, нетерпеливость, пессимизм"|Гендальф Беннер: творческий и вдохновляющий|Упрямыми как осел
"миролюбие, интроверсия"|"доброта, великодушие, оптимизм"|"зависть, агрессивность, эгоизм"|Спок Поттер: веселый и остроумный|С кучей предрассудков
"миролюбие, настойчивость"|"скромность, уверенность, доброта"|"обидчивость, эгоизм, упрямство"|Леголас Нобл: адаптивный и гибкий|Без эмпатии
миролюбие|"скромность, отзывчивость, смелость"|"лживость, нетерпеливость, грубость"|Лея Арбакл: веселый и остроумный|Высокомерными
"искренность, отзывчивость"|"интроверсия, трудолюбие, отзывчивость"|"безответственность, грубость, пессимизм"|Фродо Нобл: веселый и остроумный|Смотрят свысока
"сосредоточенность, честность, доброта"|"смелость, доброта, надёжность"|"упрямство, лживость, безразличие"|Гимли Лейн: тактичный и проницательный|Лицемерами
"лицемерие, доброта, миролюбие"|"скромность, жизнерадостность, уверенность"|"грубость, эгоизм, упрямство"|Шерлок Снейп: загадочный и глубокий|Делают поспешные выводы
"рассудительность, целеустремлённость"|"уверенность, эмпатия, амбициозность"|"неряшливость, вспыльчивость, безответственность"|Лоис Теннант: веселый и остроумный|Преувеличивают проблемы
любознательность|"смелость, тактичность, ответственность"|"нетерпеливость, эгоизм, агрессивность"|Гарфилд Беннер: спокойный и наблюдательный|Эмоционально закрытыми
"недисциплинированность, доброта, уважительность"|"уверенность, эмпатия, терпеливость"|"безразличие, лживость, эгоизм"|Джон Поттер: хитрый и находчивый|Циниками
"альтруизм, стрессоустойчивость, назойливость"|"уверенность, трудолюбие, эмпатия"|"агрессивность, неряшливость, консервативность"|Доктор Ли: спокойный и наблюдательный|Используют шаблонные фразы
"стрессоустойчивость, ветреность, принципиальность"|"надёжность, общительность, прагматизм"|"трусость, зависть, эгоизм"|Сэм Тайлер: изобретательный и харизматичный|Людьми
"чуткость, доброта, пессимизм, меланхоличность"|"надёжность, интроверсия, жизнерадостность"|"неряшливость, грубость, обидчивость"|Джокер Аллен: практичный и надежный|Проецируют свои проблемы
"эгоизм, чувство юмора"|"жизнерадостность, тактичность, великодушие"|"вспыльчивость, пессимизм, ветреность"|Бэтмен Бонд: спокойный и наблюдательный|Переходят на личности
"оптимизм, доброта, высокомерие"|"смелость, отзывчивость, экстраверсия"|"агрессивность, эгоизм, трусость"|Сэм Вейн: хитрый и находчивый|Обидчивыми
"вдохновлённость, тщеславие"|"оптимизм, великодушие, целеустремлённость"|"раздражительность, нерешительность, жадность"|Гендальф Аллен: творческий и вдохновляющий|Воспринимают всё близко к сердцу
"альтруизм, тактичность"|"тактичность, аналитичность, жизнерадостность"|"лживость, обидчивость, нетерпеливость"|Роза Вейн: спокойный и наблюдательный|Ревнивцами
"искренность, нетерпеливость"|"креативность, уверенность, жизнерадостность"|"зависть, вспыльчивость, обидчивость"|Люк Кент: решительный и преданный|Спорщиками
"щедрость, лживость"|"надёжность, интроверсия, целеустремлённость"|"эгоизм, жадность, нетерпеливость"|Кларк Романова: храбрый и умный|С узким кругозором
"тщеславие, флегматичность, ответственность, уважительность"|"креативность, уверенность, честность"|"безответственность, эгоизм, зависть"|Мастер Грейнджер: практичный и надежный|Молчунами
вдохновлённость|"рассудительность, честность, отзывчивость"|"безразличие, обидчивость, зависть"|Доктор Кент: романтичный и мечтательный|Импульсивными
"мудрость, интроверсия"|"оптимизм, терпеливость, отзывчивость"|"интроверсия, безответственность, жадность"|Гарфилд Кент: решительный и преданный|Прикидываются жертвами
"оптимизм, терпеливость"|"честность, оптимизм, справедливость"|"трусость, эгоизм, высокомерие"|Фродо Кurry: романтичный и мечтательный|Ведут себя снисходительно
"смелость, жадность, консервативность"|"отзывчивость, великодушие, честность"|"ранимость, нерешительность, высокомерие"|Наташа Вейн: веселый и остроумный|Болтунами
"честность, осторожность, аккуратность, безразличие"|"надёжность, жизнерадостность, оптимизм"|"обидчивость, неряшливость, прагматизм"|Сэм Соло: альтруистичный и самоотверженный|Ищут повод для спора
"дисциплинированность, наблюдательность"|"скромность, креативность, жизнерадостность"|"консервативность, эгоизм, жадность"|Брюс Кент: добрый и мудрый|Личностями
"миролюбие, гибкость, задумчивость"|"педантичность, креативность, честность"|"консервативность, лживость, нетерпеливость"|Джон Беннер: добрый и мудрый|Педантами
"безразличие, верность"|"эмпатия, надёжность, интроверсия"|"эгоизм, ветреность, лживость"|Гимли Бонд: изобретательный и харизматичный|Не понимают юмор
"гуманность, креативность, эгоизм, любопытство"|"трудолюбие, справедливость, общительность"|"жадность, нерешительность, скрытность"|Флэш Теннант: хитрый и находчивый|Ведут себя высокомерно
"жизнерадостность, верность, экстраверсия"|"тактичность, смелость, великодушие"|"безответственность, эгоизм, высокомерие"|Шреддер Женщина: решительный и преданный|Приписывают плохие мотивы
"манипулятивность, уверенность, доброта"|"тактичность, жизнерадостность, креативность"|"упрямство, безответственность, обидчивость"|Кларк Грейнджер: романтичный и мечтательный|Циничными ко всему
"апатичность, мудрость"|"трудолюбие, креативность, целеустремлённость"|"безответственность, мечтательность, пессимизм"|Харли Лейн: решительный и преданный|Пессимистами
"скромность, настойчивость"|"доброта, надёжность, терпеливость"|"грубость, раздражительность, безответственность"|Бэтмен Роджерс: творческий и вдохновляющий|Ханжами
"щедрость, пренебрежительность, деликатность"|"оптимизм, справедливость, креативность"|"обидчивость, грубость, высокомерие"|Фродо Скайуокер: спокойный и наблюдательный|Скептиками
"чуткость, отзывчивость, эгоизм, сдержанность"|"надёжность, справедливость, жизнерадостность"|"вспыльчивость, ветреность, лень"|Стив Доу: загадочный и глубокий|Грубиянами
"щедрость, серьёзность, цинизм"|"креативность, эмпатия, уверенность"|"нерешительность, импульсивность, трусость"|Северус Куинн: веселый и остроумный|Которые все знают лучше
"самообладание, раздражительность"|"ответственность, великодушие, креативность"|"упрямство, ветреность, нерешительность"|Джокер Женщина: спокойный и наблюдательный|Обобщают негатив
"целеустремлённость, оптимизм, эгоизм, экстраверсия"|"великодушие, оптимизм, аналитичность"|"агрессивность, безответственность, пессимизм"|Наташа Романова: творческий и вдохновляющий|Неуверенными в себе
"любознательность, гуманность"|"великодушие, оптимизм, надёжность"|"лживость, вспыльчивость, агрессивность"|Фродо Ли: настойчивый и целеустремленный|Игнорируют личные границы
"терпеливость, интроверсия"|"скромность, честность, прагматизм"|"ветреность, нерешительность, трусость"|Лея Скайуокер: оптимистичный и энергичный|Не слышат других